{
  "@class": "org.apereo.cas.services.RegexRegisteredService",
  "serviceId" : "^(http|https)://eb2app.*:.*/.*",
  "name": "EBank 2.0",
  "id": 10000001,
  "description": "EBank 2.0",
  "evaluationOrder": 100,
  "theme":"eb2",
  "logoutUrl": "https://eb2sso01:8443/cas/logout" ,
  "attributeReleasePolicy" : {
    "@class" : "org.apereo.cas.services.ReturnAllAttributeReleasePolicy"
  },
  "multifactorPolicy" : {
    "@class" : "org.apereo.cas.services.DefaultRegisteredServiceMultifactorPolicy",
    "multifactorAuthenticationProviders" : [ "java.util.LinkedHashSet", [ "mfa-duo" ] ]
  },
  "properties" : {
    "@class" : "java.util.HashMap",
    "jwtAsServiceTicket" : {
      "@class" : "org.apereo.cas.services.DefaultRegisteredServiceProperty",
      "values" : [ "java.util.HashSet", [ "true" ] ]
    },    
    "jwtAsServiceTicketSigningKey" : {
      "@class" : "org.apereo.cas.services.DefaultRegisteredServiceProperty",
      "values" : [ "java.util.HashSet", [ "2C3rSS6QEswizvgy-upZqdjm06L-IzZ7vBE-ket2wQlMjp3F-F_iazPuqMMiVen40cNwv3gmyoWFjwdFKwdzeQ" ] ]
    },
    "jwtAsServiceTicketEncryptionKey" : {
      "@class" : "org.apereo.cas.services.DefaultRegisteredServiceProperty",
      "values" : [ "java.util.HashSet", [ "nHnC-oXlcENoC17K92wMSbnBiteILeAg3gNVrYaooKY" ] ]
    },
    "jwtSigningSecretAlg" : {
      "@class" : "org.apereo.cas.services.DefaultRegisteredServiceProperty",
      "values" : [ "java.util.HashSet", [ "HS256" ] ]
    },
    "jwtEncryptionSecretAlg" : {
      "@class" : "org.apereo.cas.services.DefaultRegisteredServiceProperty",
      "values" : [ "java.util.HashSet", [ "dir" ] ]
    },
    "jwtEncryptionSecretMethod" : {
      "@class" : "org.apereo.cas.services.DefaultRegisteredServiceProperty",
      "values" : [ "java.util.HashSet", [ "A192CBC-HS384" ] ]
    },
    "jwtSecretsAreBase64Encoded" : {
      "@class" : "org.apereo.cas.services.DefaultRegisteredServiceProperty",
      "values" : [ "java.util.HashSet", [ "true" ] ]
    }    
  } 
}
