<?xml version='1.0'?>
<coherence xmlns:xsi="http://www.w3.org/2001/XMLSchema-instance"
   xmlns="http://xmlns.oracle.com/coherence/coherence-operational-config"
   xsi:schemaLocation="http://xmlns.oracle.com/coherence/coherence-operational-config coherence-operational-config.xsd">

	<cluster-config>
		<member-identity>
			<cluster-name>javahonk</cluster-name>
		</member-identity>
 
		<multicast-listener>
			<address>225.4.7.0</address>
			<port>1476</port>
			<time-to-live>0</time-to-live>
		</multicast-listener>

		<!--
		<unicast-listener>                    
			<well-known-addresses>
				<socket-address id="1">
				<address>x.x.x.x</address>
				<port>8089</port>
				</socket-address>

				<socket-address id="2">
				<address>y.y.y.y</address>
				<port>8089</port>
				</socket-address> 
			</well-known-addresses>
			
			<machine-id>OTV1</machine-id>
				<address>x.x.x.x</address>
				<port>8089</port>
				<port-auto-adjust>true</port-auto-adjust>                           
		</unicast-listener>  
	  	-->		
	</cluster-config>
 
	<configurable-cache-factory-config>
      <init-params>
         <init-param>
            <param-type>java.lang.String</param-type>
            <param-value system-property="tangosol.coherence.cacheconfig">coherence-cache-config.xml</param-value>
        </init-param>
      </init-params>
   </configurable-cache-factory-config>	
</coherence>