<?xml version="1.0" encoding="UTF-8"?>
<feature
      id="org.eclipse.contribution.weaving"
      label="%featureName"
      version="2.2.4.201902200030"
      provider-name="%providerName">

   <description url="http://eclipse.org/ajdt">
      %description
   </description>

   <copyright>
      %copyright
   </copyright>

   <license url="%licenseURL">
      %license
   </license>

   <requires>
      <import plugin="org.eclipse.osgi" />
      <import plugin="org.eclipse.core.runtime"  />
      <import plugin="org.eclipse.jdt.core" />
      <import plugin="org.eclipse.jdt.ui" />
      <import plugin="org.eclipse.jface"  />
      <import plugin="org.eclipse.ui"  />
      <import plugin="org.eclipse.ui.browser"/>
      <import plugin="org.eclipse.ui.forms" />
   </requires>

   <plugin
         id="org.eclipse.contribution.weaving.jdt"
         download-size="127"
         install-size="366"
         version="2.2.4.201902200030"
         unpack="false"/>

   <plugin
         id="org.aspectj.runtime"
         download-size="137"
         install-size="261"
         version="1.9.2.201902200030"
         unpack="false"/>

</feature>
